{
	"info": {
		"_postman_id": "442c0f94-5f55-40bf-8134-af1066342e5e",
		"name": "Produk RestAPI",
		"schema": "https://schema.getpostman.com/json/collection/v2.1.0/collection.json"
	},
	"item": [
		{
			"name": "GET All Produk",
			"request": {
				"method": "GET",
				"header": [],
				"url": {
					"raw": "localhost:8081/products",
					"host": [
						"localhost"
					],
					"port": "8081",
					"path": [
						"products"
					]
				}
			},
			"response": []
		},
		{
			"name": "GET One Produk",
			"request": {
				"method": "GET",
				"header": [],
				"url": {
					"raw": "localhost:8081/products/1",
					"host": [
						"localhost"
					],
					"port": "8081",
					"path": [
						"products",
						"1"
					]
				}
			},
			"response": []
		},
		{
			"name": "POST Produk",
			"request": {
				"method": "POST",
				"header": [],
				"body": {
					"mode": "raw",
					"raw": "{\r\n    \"nama\":\"jamu halu\",\r\n    \"hargaBeli\":70000,\r\n    \"hargaJual\":100000\r\n\r\n}",
					"options": {
						"raw": {
							"language": "json"
						}
					}
				},
				"url": {
					"raw": "localhost:8081/products/",
					"host": [
						"localhost"
					],
					"port": "8081",
					"path": [
						"products",
						""
					]
				}
			},
			"response": []
		},
		{
			"name": "DELETE Produk",
			"request": {
				"method": "DELETE",
				"header": [],
				"url": {
					"raw": "localhost:8081/products/4",
					"host": [
						"localhost"
					],
					"port": "8081",
					"path": [
						"products",
						"4"
					]
				}
			},
			"response": []
		},
		{
			"name": "PUT Request",
			"request": {
				"method": "PUT",
				"header": [],
				"body": {
					"mode": "raw",
					"raw": "{\r\n    \"nama\":\"jamu sedang v2\",\r\n    \"hargaBeli\":23000,\r\n    \"hargaJual\":40000\r\n\r\n}",
					"options": {
						"raw": {
							"language": "json"
						}
					}
				},
				"url": {
					"raw": "localhost:8081/products/2",
					"host": [
						"localhost"
					],
					"port": "8081",
					"path": [
						"products",
						"2"
					]
				}
			},
			"response": []
		}
	]
}